,NAME,DP03_0004PE,state,place
0,"Avondale city, Arizona",68.5,04,04720
1,"Buckeye city, Arizona",53.8,04,07940
2,"Casas Adobes CDP, Arizona",57.5,04,10670
3,"Chandler city, Arizona",70.2,04,12000
4,"Flagstaff city, Arizona",63.8,04,23620
5,"Gilbert town, Arizona",68.8,04,27400
6,"Glendale city, Arizona",62.1,04,27820
7,"Goodyear city, Arizona",60.3,04,28380
8,"Maricopa city, Arizona",61.1,04,44410
9,"Mesa city, Arizona",63.8,04,46000
10,"Peoria city, Arizona",60.6,04,54050
11,"Phoenix city, Arizona",64.6,04,55000
12,"Queen Creek town, Arizona",72.3,04,58150
13,"San Tan Valley CDP, Arizona",63.2,04,64210
14,"Scottsdale city, Arizona",60.4,04,65000
15,"Surprise city, Arizona",56.4,04,71510
16,"Tempe city, Arizona",70.4,04,73000
17,"Tucson city, Arizona",57.0,04,77000
18,"Yuma city, Arizona",51.1,04,85540
19,"Conway city, Arkansas",57.7,05,15190
20,"Little Rock city, Arkansas",60.9,05,41000
21,"Auburn city, Alabama",58.7,01,03076
22,"Birmingham city, Alabama",55.5,01,07000
23,"Dothan city, Alabama",57.2,01,21184
24,"Hoover city, Alabama",68.0,01,35896
25,"Huntsville city, Alabama",62.3,01,37000
26,"Mobile city, Alabama",56.3,01,50000
27,"Montgomery city, Alabama",55.0,01,51000
28,"Tuscaloosa city, Alabama",53.6,01,77256
29,"Anchorage municipality, Alaska",63.0,02,03000
30,"Fayetteville city, Arkansas",59.3,05,23290
31,"Fort Smith city, Arkansas",55.4,05,24550
32,"Jonesboro city, Arkansas",59.4,05,35710
33,"Antioch city, California",63.3,06,02252
34,"Rogers city, Arkansas",66.0,05,60410
35,"Springdale city, Arkansas",65.5,05,66080
36,"Alameda city, California",61.5,06,00562
37,"Alhambra city, California",57.4,06,00884
38,"Anaheim city, California",64.2,06,02000
39,"Apple Valley town, California",52.5,06,02364
40,"Arden-Arcade CDP, California",59.9,06,02553
41,"Bakersfield city, California",58.8,06,03526
42,"Baldwin Park city, California",58.4,06,03666
43,"Buena Park city, California",64.2,06,08786
44,"Bellflower city, California",57.9,06,04982
45,"Berkeley city, California",57.7,06,06000
46,"Brentwood city, California",61.0,06,08142
47,"Burbank city, California",63.9,06,08954
48,"Camarillo city, California",56.0,06,10046
49,"Carlsbad city, California",62.4,06,11194
50,"Carmichael CDP, California",60.6,06,11390
51,"Carson city, California",57.5,06,11530
52,"Castro Valley CDP, California",60.8,06,11964
53,"Chula Vista city, California",59.3,06,13392
54,"Chico city, California",62.6,06,13014
55,"Chino city, California",61.1,06,13210
56,"Chino Hills city, California",61.1,06,13214
57,"Citrus Heights city, California",60.8,06,13588
58,"Clovis city, California",63.5,06,14218
59,"Compton city, California",54.8,06,15044
60,"Concord city, California",63.3,06,16000
61,"Corona city, California",64.5,06,16350
62,"Costa Mesa city, California",70.7,06,16532
63,"Daly City city, California",64.7,06,17918
64,"Davis city, California",59.9,06,18100
65,"Downey city, California",66.2,06,19766
66,"Dublin city, California",68.8,06,20018
67,"East Los Angeles CDP, California",61.5,06,20802
68,"Eastvale city, California",68.1,06,21230
69,"El Cajon city, California",54.5,06,21712
70,"Elk Grove city, California",58.9,06,22020
71,"El Monte city, California",59.0,06,22230
72,"Escondido city, California",64.8,06,22804
73,"Fairfield city, California",58.6,06,23182
74,"Folsom city, California",61.4,06,24638
75,"Fontana city, California",63.7,06,24680
76,"Fremont city, California",63.4,06,26000
77,"Fresno city, California",59.0,06,27000
78,"Fullerton city, California",61.4,06,28000
79,"Garden Grove city, California",63.8,06,29000
80,"Glendale city, California",57.8,06,30000
81,"Hawthorne city, California",67.9,06,32548
82,"Hayward city, California",61.4,06,33000
83,"Hemet city, California",46.7,06,33182
84,"Hesperia city, California",55.0,06,33434
85,"Irvine city, California",64.2,06,36770
86,"Huntington Beach city, California",63.1,06,36000
87,"Indio city, California",57.9,06,36448
88,"Inglewood city, California",61.9,06,36546
89,"Jurupa Valley city, California",63.2,06,37692
90,"Lake Elsinore city, California",64.7,06,39486
91,"Lake Forest city, California",67.3,06,39496
92,"Lakewood city, California",64.7,06,39892
93,"Lancaster city, California",50.8,06,40130
94,"Livermore city, California",64.5,06,41992
95,"Lodi city, California",58.1,06,42202
96,"Long Beach city, California",62.9,06,43000
97,"Los Angeles city, California",62.6,06,44000
98,"Lynwood city, California",59.1,06,44574
99,"Madera city, California",54.8,06,45022
100,"Manteca city, California",57.3,06,45484
101,"Menifee city, California",54.7,06,46842
102,"Merced city, California",54.2,06,46898
103,"Milpitas city, California",63.1,06,47766
104,"Mission Viejo city, California",61.9,06,48256
105,"Modesto city, California",58.6,06,48354
106,"Moreno Valley city, California",62.5,06,49270
107,"Mountain View city, California",68.6,06,49670
108,"Murrieta city, California",61.2,06,50076
109,"Napa city, California",60.3,06,50258
110,"Newport Beach city, California",55.8,06,51182
111,"Norwalk city, California",61.9,06,52526
112,"Oakland city, California",65.3,06,53000
113,"Oceanside city, California",60.4,06,53322
114,"Ontario city, California",60.9,06,53896
115,"Orange city, California",64.8,06,53980
116,"Oxnard city, California",63.8,06,54652
117,"Palmdale city, California",58.5,06,55156
118,"Palo Alto city, California",60.6,06,55282
119,"Pasadena city, California",69.7,06,56000
120,"Perris city, California",57.4,06,56700
121,"Pittsburg city, California",59.3,06,57456
122,"Pleasanton city, California",64.2,06,57792
123,"Pomona city, California",60.2,06,58072
124,"Rancho Cordova city, California",62.1,06,59444
125,"Rancho Cucamonga city, California",61.4,06,59451
126,"Redding city, California",54.8,06,59920
127,"Redlands city, California",59.8,06,59962
128,"Redondo Beach city, California",66.6,06,60018
129,"Redwood City city, California",64.8,06,60102
130,"Rialto city, California",60.2,06,60466
131,"Richmond city, California",59.3,06,60620
132,"Riverside city, California",62.5,06,62000
133,"Rocklin city, California",63.1,06,62364
134,"Roseville city, California",59.7,06,62938
135,"Sacramento city, California",61.1,06,64000
136,"Salinas city, California",57.1,06,64224
137,"San Bernardino city, California",58.7,06,65000
138,"San Buenaventura (Ventura) city, California",63.6,06,65042
139,"San Diego city, California",61.6,06,66000
140,"San Francisco city, California",66.4,06,67000
141,"San Jose city, California",65.2,06,68000
142,"San Leandro city, California",60.2,06,68084
143,"San Marcos city, California",63.9,06,68196
144,"San Mateo city, California",66.9,06,68252
145,"San Ramon city, California",68.1,06,68378
146,"Santa Ana city, California",63.5,06,69000
147,"Santa Barbara city, California",59.9,06,69070
148,"Santa Clara city, California",66.8,06,69084
149,"Santa Clarita city, California",66.1,06,69088
150,"Santa Maria city, California",64.2,06,69196
151,"Santa Monica city, California",63.4,06,70000
152,"Santa Rosa city, California",63.4,06,70098
153,"Simi Valley city, California",63.9,06,72016
154,"South Gate city, California",62.9,06,73080
155,"Stockton city, California",58.7,06,75000
156,"Sunnyvale city, California",69.7,06,77000
157,"Tracy city, California",61.9,06,80238
158,"Temecula city, California",62.3,06,78120
159,"Thousand Oaks city, California",58.9,06,78582
160,"Torrance city, California",63.1,06,80000
161,"Tulare city, California",53.3,06,80644
162,"Turlock city, California",61.3,06,80812
163,"Tustin city, California",63.5,06,80854
164,"Union City city, California",63.2,06,81204
165,"Upland city, California",60.6,06,81344
166,"Vacaville city, California",53.9,06,81554
167,"Vallejo city, California",58.0,06,81666
168,"Victorville city, California",48.9,06,82590
169,"Visalia city, California",63.3,06,82954
170,"Vista city, California",63.2,06,82996
171,"Walnut Creek city, California",54.0,06,83346
172,"West Covina city, California",56.8,06,84200
173,"Westminster city, California",56.4,06,84550
174,"Whittier city, California",58.9,06,85292
175,"Aurora city, Colorado",68.8,08,04000
176,"Yorba Linda city, California",58.0,06,86832
177,"Yuba City city, California",48.7,06,86972
178,"Arvada city, Colorado",69.4,08,03455
179,"Boulder city, Colorado",62.1,08,07850
180,"Broomfield city, Colorado",67.6,08,09280
181,"Castle Rock town, Colorado",75.3,08,12415
182,"Centennial city, Colorado",66.0,08,12815
183,"Colorado Springs city, Colorado",62.4,08,16000
184,"Commerce City city, Colorado",66.2,08,16495
185,"Denver city, Colorado",71.8,08,20000
186,"Fort Collins city, Colorado",65.1,08,27425
187,"Grand Junction city, Colorado",58.3,08,31660
188,"Greeley city, Colorado",63.1,08,32155
189,"Highlands Ranch CDP, Colorado",69.0,08,36410
190,"Lakewood city, Colorado",66.2,08,43000
191,"Thornton city, Colorado",74.2,08,77290
192,"Longmont city, Colorado",68.5,08,45970
193,"Loveland city, Colorado",65.2,08,46465
194,"Pueblo city, Colorado",49.2,08,62000
195,"Hartford city, Connecticut",58.2,09,37000
196,"Westminster city, Colorado",72.5,08,83835
197,"Bridgeport city, Connecticut",55.7,09,08000
198,"Danbury city, Connecticut",66.9,09,18430
199,"New Britain city, Connecticut",65.7,09,50370
200,"New Haven city, Connecticut",59.2,09,52000
201,"Norwalk city, Connecticut",67.8,09,55990
202,"Stamford city, Connecticut",68.5,09,73000
203,"Waterbury city, Connecticut",53.3,09,80000
204,"Wilmington city, Delaware",62.1,10,77580
205,"Washington city, District of Columbia",67.2,11,50000
206,"Alafaya CDP, Florida",70.2,12,00410
207,"Boca Raton city, Florida",55.8,12,07300
208,"Boynton Beach city, Florida",59.3,12,07875
209,"Brandon CDP, Florida",63.5,12,08150
210,"Cape Coral city, Florida",56.8,12,10275
211,"Clearwater city, Florida",55.0,12,12875
212,"Coral Springs city, Florida",67.8,12,14400
213,"Davie town, Florida",64.2,12,16475
214,"Daytona Beach city, Florida",51.0,12,16525
215,"Deerfield Beach city, Florida",58.7,12,16725
216,"Delray Beach city, Florida",57.7,12,17100
217,"Deltona city, Florida",61.5,12,17200
218,"Doral city, Florida",69.7,12,17935
219,"Fort Lauderdale city, Florida",64.5,12,24000
220,"Fort Myers city, Florida",54.0,12,24125
221,"Four Corners CDP, Florida",68.9,12,24581
222,"Gainesville city, Florida",52.9,12,25175
223,"Hialeah city, Florida",61.2,12,30000
224,"Hollywood city, Florida",61.4,12,32000
225,"Homestead city, Florida",60.6,12,32275
226,"Jacksonville city, Florida",61.9,12,35000
227,"Kendall CDP, Florida",62.2,12,36100
228,"Kissimmee city, Florida",61.7,12,36950
229,"Lakeland city, Florida",55.0,12,38250
230,"Melbourne city, Florida",55.6,12,43975
231,"Largo city, Florida",53.1,12,39425
232,"Lauderhill city, Florida",60.6,12,39550
233,"Lehigh Acres CDP, Florida",63.1,12,39925
234,"Miami city, Florida",64.0,12,45000
235,"Miami Beach city, Florida",68.8,12,45025
236,"Miami Gardens city, Florida",59.8,12,45060
237,"Miramar city, Florida",66.2,12,45975
238,"North Port city, Florida",53.6,12,49675
239,"Ocala city, Florida",52.6,12,50750
240,"Palm Harbor CDP, Florida",57.0,12,54350
241,"Orlando city, Florida",67.7,12,53000
242,"Palm Bay city, Florida",56.5,12,54000
243,"Palm Coast city, Florida",46.1,12,54200
244,"Pembroke Pines city, Florida",58.8,12,55775
245,"Pine Hills CDP, Florida",56.1,12,56825
246,"Plantation city, Florida",65.6,12,57425
247,"Poinciana CDP, Florida",47.1,12,57900
248,"Pompano Beach city, Florida",57.1,12,58050
249,"Port Charlotte CDP, Florida",49.2,12,58350
250,"Port St. Lucie city, Florida",55.0,12,58715
251,"Riverview CDP, Florida",70.9,12,60950
252,"St. Petersburg city, Florida",60.0,12,63000
253,"Spring Hill CDP, Florida",50.1,12,68350
254,"Sunrise city, Florida",64.3,12,69700
255,"The Villages CDP, Florida",11.9,12,71625
256,"Tallahassee city, Florida",63.7,12,70600
257,"Tamarac city, Florida",63.6,12,70675
258,"Tampa city, Florida",63.6,12,71000
259,"Town 'n' Country CDP, Florida",66.5,12,72145
260,"Wesley Chapel CDP, Florida",66.2,12,75875
261,"Weston city, Florida",66.2,12,76582
262,"West Palm Beach city, Florida",62.9,12,76600
263,"Albany city, Georgia",50.0,13,01052
264,"Alpharetta city, Georgia",65.8,13,01696
265,"Athens-Clarke County unified government (balance), Georgia",59.7,13,03440
266,"Atlanta city, Georgia",67.2,13,04000
267,"Augusta-Richmond County consolidated government (balance), Georgia",54.2,13,04204
268,"Warner Robins city, Georgia",60.3,13,80508
269,"Columbus city, Georgia",51.8,13,19000
270,"Johns Creek city, Georgia",64.9,13,42425
271,"Macon-Bibb County, Georgia",52.6,13,49008
272,"Roswell city, Georgia",67.5,13,67284
273,"Sandy Springs city, Georgia",70.4,13,68516
274,"Savannah city, Georgia",57.3,13,69000
275,"South Fulton city, Georgia",62.5,13,72122
276,"Nampa city, Idaho",68.5,16,56260
277,"Urban Honolulu CDP, Hawaii",59.6,15,71550
278,"Boise City city, Idaho",66.3,16,08830
279,"Caldwell city, Idaho",64.2,16,12250
280,"Idaho Falls city, Idaho",59.9,16,39700
281,"Meridian city, Idaho",65.8,16,52120
282,"Bolingbrook village, Illinois",66.4,17,07133
283,"Arlington Heights village, Illinois",65.6,17,02154
284,"Aurora city, Illinois",68.8,17,03012
285,"Bloomington city, Illinois",61.7,17,06613
286,"Champaign city, Illinois",58.2,17,12385
287,"Chicago city, Illinois",62.8,17,14000
288,"Cicero town, Illinois",62.7,17,14351
289,"Decatur city, Illinois",53.4,17,18823
290,"Fort Wayne city, Indiana",62.3,18,25000
291,"Gary city, Indiana",46.6,18,27000
292,"Hammond city, Indiana",57.2,18,31000
293,"Indianapolis city (balance), Indiana",65.6,18,36003
294,"Lexington-Fayette urban county, Kentucky",64.5,21,46027
295,"Louisville/Jefferson County metro government (balance), Kentucky",63.6,21,48006
296,"Portland city, Maine",69.4,23,60545
297,"Baltimore city, Maryland",59.2,24,04000
298,"Bethesda CDP, Maryland",63.3,24,07125
299,"Gaithersburg city, Maryland",69.2,24,31175
300,"Elgin city, Illinois",66.7,17,23074
301,"Evanston city, Illinois",61.1,17,24582
302,"Joliet city, Illinois",65.0,17,38570
303,"Naperville city, Illinois",65.2,17,51622
304,"Palatine village, Illinois",70.9,17,57225
305,"Peoria city, Illinois",59.5,17,59000
306,"Rockford city, Illinois",55.7,17,65000
307,"Schaumburg village, Illinois",67.7,17,68003
308,"Skokie village, Illinois",62.8,17,70122
309,"Springfield city, Illinois",52.3,17,72000
310,"Waukegan city, Illinois",63.4,17,79293
311,"Bloomington city, Indiana",59.2,18,05860
312,"Carmel city, Indiana",62.4,18,10342
313,"Evansville city, Indiana",60.3,18,22000
314,"Fishers city, Indiana",75.0,18,23278
315,"Lafayette city, Indiana",62.9,18,40788
316,"Muncie city, Indiana",53.7,18,51876
317,"Noblesville city, Indiana",74.2,18,54180
318,"South Bend city, Indiana",60.4,18,71000
319,"Ames city, Iowa",65.5,19,01855
320,"Ankeny city, Iowa",71.3,19,02305
321,"Cedar Rapids city, Iowa",66.7,19,12000
322,"Davenport city, Iowa",63.0,19,19000
323,"Des Moines city, Iowa",67.0,19,21000
324,"Iowa City city, Iowa",64.0,19,38595
325,"Sioux City city, Iowa",61.2,19,73335
326,"Waterloo city, Iowa",63.5,19,82425
327,"West Des Moines city, Iowa",72.5,19,83910
328,"Kansas City city, Kansas",63.3,20,36000
329,"Lawrence city, Kansas",69.3,20,38900
330,"Olathe city, Kansas",67.7,20,52575
331,"Overland Park city, Kansas",70.4,20,53775
332,"Shawnee city, Kansas",71.1,20,64500
333,"Topeka city, Kansas",55.1,20,71000
334,"Wichita city, Kansas",60.7,20,79000
335,"Bowling Green city, Kentucky",57.0,21,08902
336,"Baton Rouge city, Louisiana",59.0,22,05000
337,"Kenner city, Louisiana",62.3,22,39475
338,"Lafayette city, Louisiana",57.9,22,40735
339,"Lake Charles city, Louisiana",55.4,22,41155
340,"Metairie CDP, Louisiana",63.3,22,50115
341,"New Orleans city, Louisiana",56.0,22,55000
342,"Shreveport city, Louisiana",53.9,22,70000
343,"Columbia CDP, Maryland",67.3,24,19125
344,"Dundalk CDP, Maryland",51.5,24,23975
345,"Ellicott City CDP, Maryland",66.8,24,26000
346,"Frederick city, Maryland",67.9,24,30325
347,"Germantown CDP, Maryland",67.4,24,32025
348,"Glen Burnie CDP, Maryland",66.6,24,32650
349,"Waldorf CDP, Maryland",71.0,24,81175
350,"Boston city, Massachusetts",66.7,25,07000
351,"Brockton city, Massachusetts",63.7,25,09000
352,"Cambridge city, Massachusetts",67.2,25,11000
353,"Fall River city, Massachusetts",56.2,25,23000
354,"Framingham city, Massachusetts",63.9,25,24960
355,"Haverhill city, Massachusetts",65.7,25,29405
356,"Lawrence city, Massachusetts",67.7,25,34550
357,"Lowell city, Massachusetts",60.4,25,37000
358,"Lynn city, Massachusetts",62.7,25,37490
359,"Malden city, Massachusetts",68.6,25,37875
360,"Quincy city, Massachusetts",66.8,25,55745
361,"Rockville city, Maryland",64.8,24,67675
362,"Silver Spring CDP, Maryland",76.3,24,72450
363,"Medford city, Massachusetts",65.8,25,39835
364,"New Bedford city, Massachusetts",57.2,25,45000
365,"Newton city, Massachusetts",64.0,25,45560
366,"Somerville city, Massachusetts",77.3,25,62535
367,"Springfield city, Massachusetts",53.6,25,67000
368,"Worcester city, Massachusetts",62.4,25,82000
369,"Ann Arbor city, Michigan",59.0,26,03000
370,"Dearborn city, Michigan",57.1,26,21000
371,"Detroit city, Michigan",47.0,26,22000
372,"Farmington Hills city, Michigan",61.5,26,27440
373,"Flint city, Michigan",47.5,26,29000
374,"Sterling Heights city, Michigan",60.0,26,76460
375,"Grand Rapids city, Michigan",68.4,26,34000
376,"Kalamazoo city, Michigan",63.2,26,42160
377,"Lansing city, Michigan",64.4,26,46000
378,"Livonia city, Michigan",61.5,26,49000
379,"Novi city, Michigan",67.0,26,59440
380,"Rochester Hills city, Michigan",64.3,26,69035
381,"Southfield city, Michigan",61.1,26,74900
382,"Troy city, Michigan",65.8,26,80700
383,"Warren city, Michigan",59.3,26,84000
384,"Westland city, Michigan",59.5,26,86000
385,"Wyoming city, Michigan",67.0,26,88940
386,"Blaine city, Minnesota",70.6,27,06382
387,"Bloomington city, Minnesota",66.8,27,06616
388,"St. Paul city, Minnesota",67.2,27,58000
389,"Brooklyn Park city, Minnesota",66.3,27,07966
390,"Duluth city, Minnesota",61.5,27,17000
391,"Eagan city, Minnesota",71.8,27,17288
392,"Lakeville city, Minnesota",69.7,27,35180
393,"Maple Grove city, Minnesota",68.7,27,40166
394,"Minneapolis city, Minnesota",68.9,27,43000
395,"Plymouth city, Minnesota",69.4,27,51730
396,"Rochester city, Minnesota",65.1,27,54880
397,"St. Cloud city, Minnesota",63.1,27,56896
398,"Woodbury city, Minnesota",72.7,27,71428
399,"Independence city, Missouri",60.6,29,35000
400,"Kansas City city, Missouri",64.7,29,38000
401,"Lee's Summit city, Missouri",64.7,29,41348
402,"Enterprise CDP, Nevada",67.7,32,23770
403,"Henderson city, Nevada",57.4,32,31900
404,"Las Vegas city, Nevada",58.8,32,40000
405,"Sunrise Manor CDP, Nevada",58.2,32,71400
406,"Gulfport city, Mississippi",48.6,28,29700
407,"Jackson city, Mississippi",54.8,28,36000
408,"Columbia city, Missouri",59.5,29,15670
409,"O'Fallon city, Missouri",69.3,29,54074
410,"St. Charles city, Missouri",63.8,29,64082
411,"St. Joseph city, Missouri",56.1,29,64550
412,"St. Louis city, Missouri",64.1,29,65000
413,"Springfield city, Missouri",58.2,29,70000
414,"Billings city, Montana",67.6,30,06550
415,"Missoula city, Montana",72.1,30,50200
416,"Lincoln city, Nebraska",66.9,31,28000
417,"Omaha city, Nebraska",67.3,31,37000
418,"North Las Vegas city, Nevada",60.4,32,51800
419,"Paradise CDP, Nevada",61.1,32,54600
420,"Reno city, Nevada",64.6,32,60600
421,"Sparks city, Nevada",65.4,32,68400
422,"Spring Valley CDP, Nevada",64.6,32,68585
423,"Manchester city, New Hampshire",70.8,33,45140
424,"Nashua city, New Hampshire",67.1,33,50260
425,"East Orange city, New Jersey",59.5,34,19390
426,"Bayonne city, New Jersey",60.1,34,03580
427,"Camden city, New Jersey",52.2,34,10000
428,"Clifton city, New Jersey",68.1,34,13690
429,"Elizabeth city, New Jersey",61.7,34,21000
430,"Passaic city, New Jersey",61.7,34,56550
431,"Jersey City city, New Jersey",69.0,34,36000
432,"Lakewood CDP, New Jersey",49.4,34,38580
433,"Newark city, New Jersey",55.9,34,51000
434,"Paterson city, New Jersey",57.0,34,57000
435,"Albuquerque city, New Mexico",62.1,35,02000
436,"Las Cruces city, New Mexico",55.8,35,39380
437,"Mount Vernon city, New York",64.0,36,49121
438,"New Rochelle city, New York",61.9,36,50617
439,"New York city, New York",59.2,36,51000
440,"Yonkers city, New York",59.8,36,84000
441,"Apex town, North Carolina",72.1,37,01520
442,"Asheville city, North Carolina",60.1,37,02140
443,"Cary town, North Carolina",68.7,37,10740
444,"Charlotte city, North Carolina",69.6,37,12000
445,"Concord city, North Carolina",63.2,37,14100
446,"Bismarck city, North Dakota",62.2,38,07200
447,"Toms River CDP, New Jersey",60.9,34,73110
448,"Trenton city, New Jersey",57.6,34,74000
449,"Union City city, New Jersey",61.2,34,74630
450,"Rio Rancho city, New Mexico",60.5,35,63460
451,"Santa Fe city, New Mexico",58.0,35,70500
452,"Albany city, New York",56.5,36,01000
453,"Buffalo city, New York",59.7,36,11000
454,"Cheektowaga CDP, New York",61.6,36,15000
455,"Rochester city, New York",56.3,36,63000
456,"Schenectady city, New York",58.0,36,65508
457,"Syracuse city, New York",52.6,36,73000
458,"Durham city, North Carolina",68.6,37,19000
459,"Fayetteville city, North Carolina",44.9,37,22920
460,"Gastonia city, North Carolina",63.3,37,25580
461,"Greensboro city, North Carolina",62.2,37,28000
462,"Greenville city, North Carolina",60.0,37,28080
463,"High Point city, North Carolina",58.9,37,31400
464,"Jacksonville city, North Carolina",31.7,37,34200
465,"Raleigh city, North Carolina",67.7,37,55000
466,"Wilmington city, North Carolina",65.8,37,74440
467,"Winston-Salem city, North Carolina",56.9,37,75000
468,"Cincinnati city, Ohio",63.1,39,15000
469,"Cleveland city, Ohio",53.4,39,16000
470,"Columbus city, Ohio",67.2,39,18000
471,"Dayton city, Ohio",53.6,39,21000
472,"Norman city, Oklahoma",60.0,40,52500
473,"Oklahoma City city, Oklahoma",63.8,40,55000
474,"Medford city, Oregon",58.7,41,47000
475,"Portland city, Oregon",67.1,41,59000
476,"Salem city, Oregon",59.0,41,64900
477,"Philadelphia city, Pennsylvania",59.7,42,60000
478,"Pittsburgh city, Pennsylvania",61.2,42,61000
479,"Reading city, Pennsylvania",59.7,42,63624
480,"Scranton city, Pennsylvania",54.7,42,69000
481,"Jackson city, Tennessee",61.1,47,37640
482,"Johnson City city, Tennessee",63.2,47,38320
483,"Knoxville city, Tennessee",63.4,47,40000
484,"Memphis city, Tennessee",59.7,47,48000
485,"Murfreesboro city, Tennessee",71.8,47,51560
486,"Nashville-Davidson metropolitan government (balance), Tennessee",70.1,47,52006
487,"Abilene city, Texas",56.5,48,01000
488,"Allen city, Texas",67.1,48,01924
489,"Amarillo city, Texas",62.8,48,03000
490,"Arlington city, Texas",67.6,48,04000
491,"Atascocita CDP, Texas",67.9,48,04462
492,"Austin city, Texas",73.0,48,05000
493,"Brownsville city, Texas",54.9,48,10768
494,"Fargo city, North Dakota",73.1,38,25700
495,"Akron city, Ohio",57.1,39,01000
496,"Canton city, Ohio",57.2,39,12000
497,"Lorain city, Ohio",53.0,39,44856
498,"Parma city, Ohio",65.2,39,61000
499,"Toledo city, Ohio",56.0,39,77000
500,"Broken Arrow city, Oklahoma",64.0,40,09050
501,"Edmond city, Oklahoma",65.4,40,23200
502,"Lawton city, Oklahoma",45.8,40,41850
503,"Tulsa city, Oklahoma",61.6,40,75000
504,"Beaverton city, Oregon",64.6,41,05350
505,"Bend city, Oregon",66.4,41,05800
506,"Eugene city, Oregon",60.0,41,23850
507,"Gresham city, Oregon",65.5,41,31250
508,"Hillsboro city, Oregon",73.1,41,34100
509,"Allentown city, Pennsylvania",63.5,42,02000
510,"Bethlehem city, Pennsylvania",57.8,42,06088
511,"Erie city, Pennsylvania",54.8,42,24000
512,"Cranston city, Rhode Island",61.0,44,19180
513,"Pawtucket city, Rhode Island",64.2,44,54640
514,"Providence city, Rhode Island",58.7,44,59000
515,"Warwick city, Rhode Island",59.7,44,74300
516,"Charleston city, South Carolina",65.9,45,13330
517,"Columbia city, South Carolina",55.6,45,16000
518,"Greenville city, South Carolina",67.7,45,30850
519,"Mount Pleasant town, South Carolina",64.9,45,48535
520,"North Charleston city, South Carolina",64.7,45,50875
521,"Rock Hill city, South Carolina",68.1,45,61405
522,"Rapid City city, South Dakota",57.3,46,52980
523,"Sioux Falls city, South Dakota",72.7,46,59020
524,"Chattanooga city, Tennessee",64.0,47,14000
525,"Clarksville city, Tennessee",56.1,47,15160
526,"Franklin city, Tennessee",66.4,47,27740
527,"Baytown city, Texas",65.7,48,06128
528,"Beaumont city, Texas",56.1,48,07000
529,"Bryan city, Texas",63.0,48,10912
530,"Carrollton city, Texas",71.7,48,13024
531,"Cedar Park city, Texas",69.3,48,13552
532,"College Station city, Texas",60.7,48,15976
533,"Conroe city, Texas",63.6,48,16432
534,"Corpus Christi city, Texas",59.9,48,17000
535,"Dallas city, Texas",66.5,48,19000
536,"Denton city, Texas",64.9,48,19972
537,"Edinburg city, Texas",57.0,48,22660
538,"El Paso city, Texas",56.1,48,24000
539,"Flower Mound town, Texas",66.1,48,26232
540,"Fort Worth city, Texas",64.5,48,27000
541,"Frisco city, Texas",71.3,48,27684
542,"Garland city, Texas",65.5,48,29000
543,"Georgetown city, Texas",56.5,48,29336
544,"Grand Prairie city, Texas",69.9,48,30464
545,"Harlingen city, Texas",50.7,48,32372
546,"Houston city, Texas",63.1,48,35000
547,"Irving city, Texas",69.9,48,37000
548,"Killeen city, Texas",53.0,48,39148
549,"Lewisville city, Texas",72.7,48,42508
550,"Laredo city, Texas",59.3,48,41464
551,"League City city, Texas",67.6,48,41980
552,"Leander city, Texas",77.1,48,42016
553,"Longview city, Texas",60.5,48,43888
554,"Lubbock city, Texas",63.5,48,45000
555,"McAllen city, Texas",56.9,48,45384
556,"McKinney city, Texas",70.5,48,45744
557,"Mansfield city, Texas",73.8,48,46452
558,"Mesquite city, Texas",69.0,48,47892
559,"Midland city, Texas",67.8,48,48072
560,"North Richland Hills city, Texas",66.6,48,52356
561,"Mission city, Texas",57.8,48,48768
562,"Missouri City city, Texas",64.4,48,48804
563,"New Braunfels city, Texas",64.8,48,50820
564,"Odessa city, Texas",64.9,48,53388
565,"Pasadena city, Texas",55.8,48,56000
566,"Pearland city, Texas",66.6,48,56348
567,"Pflugerville city, Texas",70.5,48,57176
568,"Pharr city, Texas",59.7,48,57200
569,"Round Rock city, Texas",68.2,48,63500
570,"Rowlett city, Texas",69.8,48,63572
571,"San Angelo city, Texas",56.6,48,64472
572,"San Antonio city, Texas",61.5,48,65000
573,"San Marcos city, Texas",65.6,48,65600
574,"The Woodlands CDP, Texas",56.3,48,72656
575,"Plano city, Texas",68.0,48,58016
576,"Richardson city, Texas",64.8,48,61796
577,"Spring CDP, Texas",68.2,48,69596
578,"Sugar Land city, Texas",61.9,48,70808
579,"Temple city, Texas",59.9,48,72176
580,"Tyler city, Texas",60.3,48,74144
581,"Victoria city, Texas",59.6,48,75428
582,"Orem city, Utah",70.0,49,57300
583,"Waco city, Texas",59.1,48,76000
584,"Wichita Falls city, Texas",54.5,48,79000
585,"Layton city, Utah",71.1,49,43660
586,"Lehi city, Utah",72.2,49,44320
587,"Ogden city, Utah",65.1,49,55980
588,"Provo city, Utah",72.4,49,62470
589,"St. George city, Utah",57.1,49,65330
590,"Salt Lake City city, Utah",73.0,49,67000
591,"Sandy city, Utah",66.4,49,67440
592,"South Jordan city, Utah",70.4,49,70850
593,"West Jordan city, Utah",73.7,49,82950
594,"West Valley City city, Utah",70.5,49,83470
595,"Chesapeake city, Virginia",60.6,51,16000
596,"Alexandria city, Virginia",72.8,51,01000
597,"Arlington CDP, Virginia",76.0,51,03000
598,"Centreville CDP, Virginia",69.7,51,14440
599,"Dale City CDP, Virginia",67.6,51,21088
600,"Richmond city, Virginia",64.9,51,67000
601,"Hampton city, Virginia",53.9,51,35000
602,"Lynchburg city, Virginia",52.1,51,47672
603,"Newport News city, Virginia",57.8,51,56000
604,"Norfolk city, Virginia",54.3,51,57000
605,"Portsmouth city, Virginia",53.3,51,64000
606,"Roanoke city, Virginia",58.1,51,68000
607,"Everett city, Washington",62.7,53,22640
608,"Suffolk city, Virginia",54.3,51,76432
609,"Virginia Beach city, Virginia",59.2,51,82000
610,"Auburn city, Washington",69.3,53,03180
611,"Bellevue city, Washington",66.4,53,05210
612,"Bellingham city, Washington",61.5,53,05280
613,"Federal Way city, Washington",60.2,53,23515
614,"Kennewick city, Washington",58.9,53,35275
615,"Kent city, Washington",63.7,53,35415
616,"Kirkland city, Washington",69.5,53,35940
617,"Renton city, Washington",66.2,53,57745
618,"Marysville city, Washington",65.0,53,43955
619,"Pasco city, Washington",65.5,53,53545
620,"Redmond city, Washington",71.8,53,57535
621,"Sammamish city, Washington",67.1,53,61115
622,"Seattle city, Washington",70.9,53,63000
623,"South Hill CDP, Washington",67.3,53,65922
624,"Spokane city, Washington",60.4,53,67000
625,"Spokane Valley city, Washington",60.5,53,67167
626,"Tacoma city, Washington",60.2,53,70000
627,"Vancouver city, Washington",61.0,53,74060
628,"Yakima city, Washington",55.4,53,80010
629,"Kenosha city, Wisconsin",62.7,55,39225
630,"Madison city, Wisconsin",66.7,55,48000
631,"Milwaukee city, Wisconsin",61.8,55,53000
632,"San Juan zona urbana, Puerto Rico",47.9,72,76770
633,"Appleton city, Wisconsin",66.8,55,02375
634,"Eau Claire city, Wisconsin",68.4,55,22300
635,"Green Bay city, Wisconsin",60.9,55,31000
636,"Janesville city, Wisconsin",65.7,55,37825
637,"Oshkosh city, Wisconsin",63.3,55,60500
638,"Racine city, Wisconsin",60.1,55,66000
639,"Waukesha city, Wisconsin",68.5,55,84250
640,"Cheyenne city, Wyoming",61.9,56,13900
641,"Bayamón zona urbana, Puerto Rico",44.8,72,06593
642,"Caguas zona urbana, Puerto Rico",40.8,72,10334
643,"Carolina zona urbana, Puerto Rico",49.0,72,14290
644,"Guaynabo zona urbana, Puerto Rico",50.9,72,32522
645,"Ponce zona urbana, Puerto Rico",33.7,72,63820
